Grade,How It May Appear
Authentic,PSA Authentic|PSA A|PSA Auth
1,PSA 1|PSA PR|PSA Poor
1 (Q),PSA 1 Q|PSA 1 OC|PSA 1 ST|PSA 1 PD|PSA 1 OF|PSA 1 MK|PSA 1 MC|PSA 1 (Q)|PSA 1 (OC)|PSA 1 (ST)|PSA 1 (PD)|PSA 1 (OF)|PSA 1 (MK)|PSA 1 (MC)|PSA PR Q|PSA PR OC|PSA PR ST|PSA PR PD|PSA PR OF|PSA PR MK|PSA PR MC|PSA PR (Q)|PSA PR (OC)|PSA PR (ST)|PSA PR (PD)|PSA PR (OF)|PSA PR (MK)|PSA PR (MC)|PSA Poor Q|PSA Poor OC|PSA Poor ST|PSA Poor PD|PSA Poor OF|PSA Poor MK|PSA Poor MC|PSA Poor (Q)|PSA Poor (OC)|PSA Poor (ST)|PSA Poor (PD)|PSA Poor (OF)|PSA Poor (MK)|PSA Poor (MC)
1.5,PSA 1.5|PSA FR|PSA Fair
1.5 (Q),PSA 1.5 Q|PSA 1.5 OC|PSA 1.5 ST|PSA 1.5 PD|PSA 1.5 OF|PSA 1.5 MK|PSA 1.5 MC|PSA 1.5 (Q)|PSA 1.5 (OC)|PSA 1.5 (ST)|PSA 1.5 (PD)|PSA 1.5 (OF)|PSA 1.5 (MK)|PSA 1.5 (MC)|PSA FR Q|PSA FR OC|PSA FR ST|PSA FR PD|PSA FR OF|PSA FR MK|PSA FR MC|PSA FR (Q)|PSA FR (OC)|PSA FR (ST)|PSA FR (PD)|PSA FR (OF)|PSA FR (MK)|PSA FR (MC)|PSA Fair Q|PSA Fair OC|PSA Fair ST|PSA Fair PD|PSA Fair OF|PSA Fair MK|PSA Fair MC|PSA Fair (Q)|PSA Fair (OC)|PSA Fair (ST)|PSA Fair (PD)|PSA Fair (OF)|PSA Fair (MK)|PSA Fair (MC)
2,PSA 2|PSA GD|PSA Good
2 (Q),PSA 2 Q|PSA 2 OC|PSA 2 ST|PSA 2 PD|PSA 2 OF|PSA 2 MK|PSA 2 MC|PSA 2 (Q)|PSA 2 (OC)|PSA 2 (ST)|PSA 2 (PD)|PSA 2 (OF)|PSA 2 (MK)|PSA 2 (MC)|PSA GD Q|PSA GD OC|PSA GD ST|PSA GD PD|PSA GD OF|PSA GD MK|PSA GD MC|PSA GD (Q)|PSA GD (OC)|PSA GD (ST)|PSA GD (PD)|PSA GD (OF)|PSA GD (MK)|PSA GD (MC)|PSA Good Q|PSA Good OC|PSA Good ST|PSA Good PD|PSA Good OF|PSA Good MK|PSA Good MC|PSA Good (Q)|PSA Good (OC)|PSA Good (ST)|PSA Good (PD)|PSA Good (OF)|PSA Good (MK)|PSA Good (MC)
2.5,PSA 2.5|PSA GD+|PSA Good+
2.5 (Q),PSA 2.5 Q|PSA 2.5 OC|PSA 2.5 ST|PSA 2.5 PD|PSA 2.5 OF|PSA 2.5 MK|PSA 2.5 MC|PSA 2.5 (Q)|PSA 2.5 (OC)|PSA 2.5 (ST)|PSA 2.5 (PD)|PSA 2.5 (OF)|PSA 2.5 (MK)|PSA 2.5 (MC)|PSA GD+ Q|PSA GD+ OC|PSA GD+ ST|PSA GD+ PD|PSA GD+ OF|PSA GD+ MK|PSA GD+ MC|PSA GD+ (Q)|PSA GD+ (OC)|PSA GD+ (ST)|PSA GD+ (PD)|PSA GD+ (OF)|PSA GD+ (MK)|PSA GD+ (MC)|PSA Good+ Q|PSA Good+ OC|PSA Good+ ST|PSA Good+ PD|PSA Good+ OF|PSA Good+ MK|PSA Good+ MC|PSA Good+ (Q)|PSA Good+ (OC)|PSA Good+ (ST)|PSA Good+ (PD)|PSA Good+ (OF)|PSA Good+ (MK)|PSA Good+ (MC)
3,PSA 3|PSA VG|PSA Very Good
3 (Q),PSA 3 Q|PSA 3 OC|PSA 3 ST|PSA 3 PD|PSA 3 OF|PSA 3 MK|PSA 3 MC|PSA 3 (Q)|PSA 3 (OC)|PSA 3 (ST)|PSA 3 (PD)|PSA 3 (OF)|PSA 3 (MK)|PSA 3 (MC)|PSA VG Q|PSA VG OC|PSA VG ST|PSA VG PD|PSA VG OF|PSA VG MK|PSA VG MC|PSA VG (Q)|PSA VG (OC)|PSA VG (ST)|PSA VG (PD)|PSA VG (OF)|PSA VG (MK)|PSA VG (MC)|PSA Very Good Q|PSA Very Good OC|PSA Very Good ST|PSA Very Good PD|PSA Very Good OF|PSA Very Good MK|PSA Very Good MC|PSA Very Good (Q)|PSA Very Good (OC)|PSA Very Good (ST)|PSA Very Good (PD)|PSA Very Good (OF)|PSA Very Good (MK)|PSA Very Good (MC)
3.5,PSA 3.5|PSA VG+|PSA Very Good+
3.5 (Q),PSA 3.5 Q|PSA 3.5 OC|PSA 3.5 ST|PSA 3.5 PD|PSA 3.5 OF|PSA 3.5 MK|PSA 3.5 MC|PSA 3.5 (Q)|PSA 3.5 (OC)|PSA 3.5 (ST)|PSA 3.5 (PD)|PSA 3.5 (OF)|PSA 3.5 (MK)|PSA 3.5 (MC)|PSA VG+ Q|PSA VG+ OC|PSA VG+ ST|PSA VG+ PD|PSA VG+ OF|PSA VG+ MK|PSA VG+ MC|PSA VG+ (Q)|PSA VG+ (OC)|PSA VG+ (ST)|PSA VG+ (PD)|PSA VG+ (OF)|PSA VG+ (MK)|PSA VG+ (MC)|PSA Very Good+ Q|PSA Very Good+ OC|PSA Very Good+ ST|PSA Very Good+ PD|PSA Very Good+ OF|PSA Very Good+ MK|PSA Very Good+ MC|PSA Very Good+ (Q)|PSA Very Good+ (OC)|PSA Very Good+ (ST)|PSA Very Good+ (PD)|PSA Very Good+ (OF)|PSA Very Good+ (MK)|PSA Very Good+ (MC)
4,PSA 4|PSA VG-EX|PSA VGEX|PSA VG/EX
4 (Q),PSA 4 Q|PSA 4 OC|PSA 4 ST|PSA 4 PD|PSA 4 OF|PSA 4 MK|PSA 4 MC|PSA 4 (Q)|PSA 4 (OC)|PSA 4 (ST)|PSA 4 (PD)|PSA 4 (OF)|PSA 4 (MK)|PSA 4 (MC)|PSA VG-EX Q|PSA VG-EX OC|PSA VG-EX ST|PSA VG-EX PD|PSA VG-EX OF|PSA VG-EX MK|PSA VG-EX MC|PSA VG-EX (Q)|PSA VG-EX (OC)|PSA VG-EX (ST)|PSA VG-EX (PD)|PSA VG-EX (OF)|PSA VG-EX (MK)|PSA VG-EX (MC)|PSA VGEX Q|PSA VGEX OC|PSA VGEX ST|PSA VGEX PD|PSA VGEX OF|PSA VGEX MK|PSA VGEX MC|PSA VGEX (Q)|PSA VGEX (OC)|PSA VGEX (ST)|PSA VGEX (PD)|PSA VGEX (OF)|PSA VGEX (MK)|PSA VGEX (MC)|PSA VG/EX Q|PSA VG/EX OC|PSA VG/EX ST|PSA VG/EX PD|PSA VG/EX OF|PSA VG/EX MK|PSA VG/EX MC|PSA VG/EX (Q)|PSA VG/EX (OC)|PSA VG/EX (ST)|PSA VG/EX (PD)|PSA VG/EX (OF)|PSA VG/EX (MK)|PSA VG/EX (MC)
4.5,PSA 4.5|PSA VG-EX+|PSA VGEX+|PSA VG/EX+
4.5 (Q),PSA 4.5 Q|PSA 4.5 OC|PSA 4.5 ST|PSA 4.5 PD|PSA 4.5 OF|PSA 4.5 MK|PSA 4.5 MC|PSA 4.5 (Q)|PSA 4.5 (OC)|PSA 4.5 (ST)|PSA 4.5 (PD)|PSA 4.5 (OF)|PSA 4.5 (MK)|PSA 4.5 (MC)|PSA VG-EX+ Q|PSA VG-EX+ OC|PSA VG-EX+ ST|PSA VG-EX+ PD|PSA VG-EX+ OF|PSA VG-EX+ MK|PSA VG-EX+ MC|PSA VG-EX+ (Q)|PSA VG-EX+ (OC)|PSA VG-EX+ (ST)|PSA VG-EX+ (PD)|PSA VG-EX+ (OF)|PSA VG-EX+ (MK)|PSA VG-EX+ (MC)|PSA VGEX+ Q|PSA VGEX+ OC|PSA VGEX+ ST|PSA VGEX+ PD|PSA VGEX+ OF|PSA VGEX+ MK|PSA VGEX+ MC|PSA VGEX+ (Q)|PSA VGEX+ (OC)|PSA VGEX+ (ST)|PSA VGEX+ (PD)|PSA VGEX+ (OF)|PSA VGEX+ (MK)|PSA VGEX+ (MC)|PSA VG/EX+ Q|PSA VG/EX+ OC|PSA VG/EX+ ST|PSA VG/EX+ PD|PSA VG/EX+ OF|PSA VG/EX+ MK|PSA VG/EX+ MC|PSA VG/EX+ (Q)|PSA VG/EX+ (OC)|PSA VG/EX+ (ST)|PSA VG/EX+ (PD)|PSA VG/EX+ (OF)|PSA VG/EX+ (MK)|PSA VG/EX+ (MC)
5,PSA 5|PSA EX|PSA Excellent
5 (Q),PSA 5 Q|PSA 5 OC|PSA 5 ST|PSA 5 PD|PSA 5 OF|PSA 5 MK|PSA 5 MC|PSA 5 (Q)|PSA 5 (OC)|PSA 5 (ST)|PSA 5 (PD)|PSA 5 (OF)|PSA 5 (MK)|PSA 5 (MC)|PSA EX Q|PSA EX OC|PSA EX ST|PSA EX PD|PSA EX OF|PSA EX MK|PSA EX MC|PSA EX (Q)|PSA EX (OC)|PSA EX (ST)|PSA EX (PD)|PSA EX (OF)|PSA EX (MK)|PSA EX (MC)|PSA Excellent Q|PSA Excellent OC|PSA Excellent ST|PSA Excellent PD|PSA Excellent OF|PSA Excellent MK|PSA Excellent MC|PSA Excellent (Q)|PSA Excellent (OC)|PSA Excellent (ST)|PSA Excellent (PD)|PSA Excellent (OF)|PSA Excellent (MK)|PSA Excellent (MC)
5.5,PSA 5.5|PSA EX+|PSA Excellent+
5.5 (Q),PSA 5.5 Q|PSA 5.5 OC|PSA 5.5 ST|PSA 5.5 PD|PSA 5.5 OF|PSA 5.5 MK|PSA 5.5 MC|PSA 5.5 (Q)|PSA 5.5 (OC)|PSA 5.5 (ST)|PSA 5.5 (PD)|PSA 5.5 (OF)|PSA 5.5 (MK)|PSA 5.5 (MC)|PSA EX+ Q|PSA EX+ OC|PSA EX+ ST|PSA EX+ PD|PSA EX+ OF|PSA EX+ MK|PSA EX+ MC|PSA EX+ (Q)|PSA EX+ (OC)|PSA EX+ (ST)|PSA EX+ (PD)|PSA EX+ (OF)|PSA EX+ (MK)|PSA EX+ (MC)|PSA Excellent+ Q|PSA Excellent+ OC|PSA Excellent+ ST|PSA Excellent+ PD|PSA Excellent+ OF|PSA Excellent+ MK|PSA Excellent+ MC|PSA Excellent+ (Q)|PSA Excellent+ (OC)|PSA Excellent+ (ST)|PSA Excellent+ (PD)|PSA Excellent+ (OF)|PSA Excellent+ (MK)|PSA Excellent+ (MC)
6,PSA 6|PSA EX-MT|PSA EXMT|PSA EX/MT
6 (Q),PSA 6 Q|PSA 6 OC|PSA 6 ST|PSA 6 PD|PSA 6 OF|PSA 6 MK|PSA 6 MC|PSA 6 (Q)|PSA 6 (OC)|PSA 6 (ST)|PSA 6 (PD)|PSA 6 (OF)|PSA 6 (MK)|PSA 6 (MC)|PSA EX-MT Q|PSA EX-MT OC|PSA EX-MT ST|PSA EX-MT PD|PSA EX-MT OF|PSA EX-MT MK|PSA EX-MT MC|PSA EX-MT (Q)|PSA EX-MT (OC)|PSA EX-MT (ST)|PSA EX-MT (PD)|PSA EX-MT (OF)|PSA EX-MT (MK)|PSA EX-MT (MC)|PSA EXMT Q|PSA EXMT OC|PSA EXMT ST|PSA EXMT PD|PSA EXMT OF|PSA EXMT MK|PSA EXMT MC|PSA EXMT (Q)|PSA EXMT (OC)|PSA EXMT (ST)|PSA EXMT (PD)|PSA EXMT (OF)|PSA EXMT (MK)|PSA EXMT (MC)|PSA EX/MT Q|PSA EX/MT OC|PSA EX/MT ST|PSA EX/MT PD|PSA EX/MT OF|PSA EX/MT MK|PSA EX/MT MC|PSA EX/MT (Q)|PSA EX/MT (OC)|PSA EX/MT (ST)|PSA EX/MT (PD)|PSA EX/MT (OF)|PSA EX/MT (MK)|PSA EX/MT (MC)
6.5,PSA 6.5|PSA EX-MT+|PSA EXMT+|PSA EX/MT+
6.5 (Q),PSA 6.5 Q|PSA 6.5 OC|PSA 6.5 ST|PSA 6.5 PD|PSA 6.5 OF|PSA 6.5 MK|PSA 6.5 MC|PSA 6.5 (Q)|PSA 6.5 (OC)|PSA 6.5 (ST)|PSA 6.5 (PD)|PSA 6.5 (OF)|PSA 6.5 (MK)|PSA 6.5 (MC)|PSA EX-MT+ Q|PSA EX-MT+ OC|PSA EX-MT+ ST|PSA EX-MT+ PD|PSA EX-MT+ OF|PSA EX-MT+ MK|PSA EX-MT+ MC|PSA EX-MT+ (Q)|PSA EX-MT+ (OC)|PSA EX-MT+ (ST)|PSA EX-MT+ (PD)|PSA EX-MT+ (OF)|PSA EX-MT+ (MK)|PSA EX-MT+ (MC)|PSA EXMT+ Q|PSA EXMT+ OC|PSA EXMT+ ST|PSA EXMT+ PD|PSA EXMT+ OF|PSA EXMT+ MK|PSA EXMT+ MC|PSA EXMT+ (Q)|PSA EXMT+ (OC)|PSA EXMT+ (ST)|PSA EXMT+ (PD)|PSA EXMT+ (OF)|PSA EXMT+ (MK)|PSA EXMT+ (MC)|PSA EX/MT+ Q|PSA EX/MT+ OC|PSA EX/MT+ ST|PSA EX/MT+ PD|PSA EX/MT+ OF|PSA EX/MT+ MK|PSA EX/MT+ MC|PSA EX/MT+ (Q)|PSA EX/MT+ (OC)|PSA EX/MT+ (ST)|PSA EX/MT+ (PD)|PSA EX/MT+ (OF)|PSA EX/MT+ (MK)|PSA EX/MT+ (MC)
7,PSA 7|PSA NM|PSA Near Mint|PSA NRMT|PSA NearMint
7 (Q),PSA 7 Q|PSA 7 OC|PSA 7 ST|PSA 7 PD|PSA 7 OF|PSA 7 MK|PSA 7 MC|PSA 7 (Q)|PSA 7 (OC)|PSA 7 (ST)|PSA 7 (PD)|PSA 7 (OF)|PSA 7 (MK)|PSA 7 (MC)|PSA NM Q|PSA NM OC|PSA NM ST|PSA NM PD|PSA NM OF|PSA NM MK|PSA NM MC|PSA NM (Q)|PSA NM (OC)|PSA NM (ST)|PSA NM (PD)|PSA NM (OF)|PSA NM (MK)|PSA NM (MC)|PSA Near Mint Q|PSA Near Mint OC|PSA Near Mint ST|PSA Near Mint PD|PSA Near Mint OF|PSA Near Mint MK|PSA Near Mint MC|PSA Near Mint (Q)|PSA Near Mint (OC)|PSA Near Mint (ST)|PSA Near Mint (PD)|PSA Near Mint (OF)|PSA Near Mint (MK)|PSA Near Mint (MC)|PSA NRMT Q|PSA NRMT OC|PSA NRMT ST|PSA NRMT PD|PSA NRMT OF|PSA NRMT MK|PSA NRMT MC|PSA NRMT (Q)|PSA NRMT (OC)|PSA NRMT (ST)|PSA NRMT (PD)|PSA NRMT (OF)|PSA NRMT (MK)|PSA NRMT (MC)|PSA NearMint Q|PSA NearMint OC|PSA NearMint ST|PSA NearMint PD|PSA NearMint OF|PSA NearMint MK|PSA NearMint MC|PSA NearMint (Q)|PSA NearMint (OC)|PSA NearMint (ST)|PSA NearMint (PD)|PSA NearMint (OF)|PSA NearMint (MK)|PSA NearMint (MC)
7.5,PSA 7.5|PSA NM+|PSA Near Mint+|PSA NRMT+|PSA NearMint+
7.5 (Q),PSA 7.5 Q|PSA 7.5 OC|PSA 7.5 ST|PSA 7.5 PD|PSA 7.5 OF|PSA 7.5 MK|PSA 7.5 MC|PSA 7.5 (Q)|PSA 7.5 (OC)|PSA 7.5 (ST)|PSA 7.5 (PD)|PSA 7.5 (OF)|PSA 7.5 (MK)|PSA 7.5 (MC)|PSA NM+ Q|PSA NM+ OC|PSA NM+ ST|PSA NM+ PD|PSA NM+ OF|PSA NM+ MK|PSA NM+ MC|PSA NM+ (Q)|PSA NM+ (OC)|PSA NM+ (ST)|PSA NM+ (PD)|PSA NM+ (OF)|PSA NM+ (MK)|PSA NM+ (MC)|PSA Near Mint+ Q|PSA Near Mint+ OC|PSA Near Mint+ ST|PSA Near Mint+ PD|PSA Near Mint+ OF|PSA Near Mint+ MK|PSA Near Mint+ MC|PSA Near Mint+ (Q)|PSA Near Mint+ (OC)|PSA Near Mint+ (ST)|PSA Near Mint+ (PD)|PSA Near Mint+ (OF)|PSA Near Mint+ (MK)|PSA Near Mint+ (MC)|PSA NRMT+ Q|PSA NRMT+ OC|PSA NRMT+ ST|PSA NRMT+ PD|PSA NRMT+ OF|PSA NRMT+ MK|PSA NRMT+ MC|PSA NRMT+ (Q)|PSA NRMT+ (OC)|PSA NRMT+ (ST)|PSA NRMT+ (PD)|PSA NRMT+ (OF)|PSA NRMT+ (MK)|PSA NRMT+ (MC)|PSA NearMint+ Q|PSA NearMint+ OC|PSA NearMint+ ST|PSA NearMint+ PD|PSA NearMint+ OF|PSA NearMint+ MK|PSA NearMint+ MC|PSA NearMint+ (Q)|PSA NearMint+ (OC)|PSA NearMint+ (ST)|PSA NearMint+ (PD)|PSA NearMint+ (OF)|PSA NearMint+ (MK)|PSA NearMint+ (MC)
8,PSA 8|PSA NM-MT|PSA NMMT|PSA NM/MT|PSA Near Mint-Mint
8 (Q),PSA 8 Q|PSA 8 OC|PSA 8 ST|PSA 8 PD|PSA 8 OF|PSA 8 MK|PSA 8 MC|PSA 8 (Q)|PSA 8 (OC)|PSA 8 (ST)|PSA 8 (PD)|PSA 8 (OF)|PSA 8 (MK)|PSA 8 (MC)|PSA NM-MT Q|PSA NM-MT OC|PSA NM-MT ST|PSA NM-MT PD|PSA NM-MT OF|PSA NM-MT MK|PSA NM-MT MC|PSA NM-MT (Q)|PSA NM-MT (OC)|PSA NM-MT (ST)|PSA NM-MT (PD)|PSA NM-MT (OF)|PSA NM-MT (MK)|PSA NM-MT (MC)|PSA NMMT Q|PSA NMMT OC|PSA NMMT ST|PSA NMMT PD|PSA NMMT OF|PSA NMMT MK|PSA NMMT MC|PSA NMMT (Q)|PSA NMMT (OC)|PSA NMMT (ST)|PSA NMMT (PD)|PSA NMMT (OF)|PSA NMMT (MK)|PSA NMMT (MC)|PSA NM/MT Q|PSA NM/MT OC|PSA NM/MT ST|PSA NM/MT PD|PSA NM/MT OF|PSA NM/MT MK|PSA NM/MT MC|PSA NM/MT (Q)|PSA NM/MT (OC)|PSA NM/MT (ST)|PSA NM/MT (PD)|PSA NM/MT (OF)|PSA NM/MT (MK)|PSA NM/MT (MC)|PSA Near Mint-Mint Q|PSA Near Mint-Mint OC|PSA Near Mint-Mint ST|PSA Near Mint-Mint PD|PSA Near Mint-Mint OF|PSA Near Mint-Mint MK|PSA Near Mint-Mint MC|PSA Near Mint-Mint (Q)|PSA Near Mint-Mint (OC)|PSA Near Mint-Mint (ST)|PSA Near Mint-Mint (PD)|PSA Near Mint-Mint (OF)|PSA Near Mint-Mint (MK)|PSA Near Mint-Mint (MC)
8.5,PSA 8.5|PSA NM-MT+|PSA NMMT+|PSA NM/MT+|PSA Near Mint-Mint+
8.5 (Q),PSA 8.5 Q|PSA 8.5 OC|PSA 8.5 ST|PSA 8.5 PD|PSA 8.5 OF|PSA 8.5 MK|PSA 8.5 MC|PSA 8.5 (Q)|PSA 8.5 (OC)|PSA 8.5 (ST)|PSA 8.5 (PD)|PSA 8.5 (OF)|PSA 8.5 (MK)|PSA 8.5 (MC)|PSA NM-MT+ Q|PSA NM-MT+ OC|PSA NM-MT+ ST|PSA NM-MT+ PD|PSA NM-MT+ OF|PSA NM-MT+ MK|PSA NM-MT+ MC|PSA NM-MT+ (Q)|PSA NM-MT+ (OC)|PSA NM-MT+ (ST)|PSA NM-MT+ (PD)|PSA NM-MT+ (OF)|PSA NM-MT+ (MK)|PSA NM-MT+ (MC)|PSA NMMT+ Q|PSA NMMT+ OC|PSA NMMT+ ST|PSA NMMT+ PD|PSA NMMT+ OF|PSA NMMT+ MK|PSA NMMT+ MC|PSA NMMT+ (Q)|PSA NMMT+ (OC)|PSA NMMT+ (ST)|PSA NMMT+ (PD)|PSA NMMT+ (OF)|PSA NMMT+ (MK)|PSA NMMT+ (MC)|PSA NM/MT+ Q|PSA NM/MT+ OC|PSA NM/MT+ ST|PSA NM/MT+ PD|PSA NM/MT+ OF|PSA NM/MT+ MK|PSA NM/MT+ MC|PSA NM/MT+ (Q)|PSA NM/MT+ (OC)|PSA NM/MT+ (ST)|PSA NM/MT+ (PD)|PSA NM/MT+ (OF)|PSA NM/MT+ (MK)|PSA NM/MT+ (MC)|PSA Near Mint-Mint+ Q|PSA Near Mint-Mint+ OC|PSA Near Mint-Mint+ ST|PSA Near Mint-Mint+ PD|PSA Near Mint-Mint+ OF|PSA Near Mint-Mint+ MK|PSA Near Mint-Mint+ MC|PSA Near Mint-Mint+ (Q)|PSA Near Mint-Mint+ (OC)|PSA Near Mint-Mint+ (ST)|PSA Near Mint-Mint+ (PD)|PSA Near Mint-Mint+ (OF)|PSA Near Mint-Mint+ (MK)|PSA Near Mint-Mint+ (MC)
9,PSA 9|PSA Mint|PSA MT|PSA MNT
9 (Q),PSA 9 Q|PSA 9 OC|PSA 9 ST|PSA 9 PD|PSA 9 OF|PSA 9 MK|PSA 9 MC|PSA 9 (Q)|PSA 9 (OC)|PSA 9 (ST)|PSA 9 (PD)|PSA 9 (OF)|PSA 9 (MK)|PSA 9 (MC)|PSA Mint Q|PSA Mint OC|PSA Mint ST|PSA Mint PD|PSA Mint OF|PSA Mint MK|PSA Mint MC|PSA Mint (Q)|PSA Mint (OC)|PSA Mint (ST)|PSA Mint (PD)|PSA Mint (OF)|PSA Mint (MK)|PSA Mint (MC)|PSA MT Q|PSA MT OC|PSA MT ST|PSA MT PD|PSA MT OF|PSA MT MK|PSA MT MC|PSA MT (Q)|PSA MT (OC)|PSA MT (ST)|PSA MT (PD)|PSA MT (OF)|PSA MT (MK)|PSA MT (MC)|PSA MNT Q|PSA MNT OC|PSA MNT ST|PSA MNT PD|PSA MNT OF|PSA MNT MK|PSA MNT MC|PSA MNT (Q)|PSA MNT (OC)|PSA MNT (ST)|PSA MNT (PD)|PSA MNT (OF)|PSA MNT (MK)|PSA MNT (MC)
10,PSA 10|PSA Gem Mint|PSA GEM
1,SGC 1|SGC PR|SGC Poor|BGS 1|BGS PR|BGS Poor|BVG 1|BVG PR|BVG Poor|BCCG 1|BCCG PR|BCCG Poor|SCD 1|SCD PR|SCD Poor|GAI 1|GAI PR|GAI Poor|SGV 1|SGV PR|SGV Poor
1.5,SGC 20|SGC 1.5|SGC Fair|SGC Fr|BGS 20|BGS 1.5|BGS Fair|BGS Fr|BVG 20|BVG 1.5|BVG Fair|BVG Fr|BCCG 20|BCCG 1.5|BCCG Fair|BCCG Fr|SCD 20|SCD 1.5|SCD Fair|SCD Fr|GAI 20|GAI 1.5|GAI Fair|GAI Fr|SGV 20|SGV 1.5|SGV Fair|SGV Fr
2,SGC 30|SGC 2|SGC Good|SGC GD|BGS 30|BGS 2|BGS Good|BGS GD|BVG 30|BVG 2|BVG Good|BVG GD|BCCG 30|BCCG 2|BCCG Good|BCCG GD|SCD 30|SCD 2|SCD Good|SCD GD|GAI 30|GAI 2|GAI Good|GAI GD|SGV 30|SGV 2|SGV Good|SGV GD
2.5,SGC 35|SGC 2.5|SGC Good+|SGC GD+|BGS 35|BGS 2.5|BGS Good+|BGS GD+|BVG 35|BVG 2.5|BVG Good+|BVG GD+|BCCG 35|BCCG 2.5|BCCG Good+|BCCG GD+|SCD 35|SCD 2.5|SCD Good+|SCD GD+|GAI 35|GAI 2.5|GAI Good+|GAI GD+|SGV 35|SGV 2.5|SGV Good+|SGV GD+
3,SGC 40|SGC 3|SGC Very Good|SGC VG|BGS 40|BGS 3|BGS Very Good|BGS VG|BVG 40|BVG 3|BVG Very Good|BVG VG|BCCG 40|BCCG 3|BCCG Very Good|BCCG VG|SCD 40|SCD 3|SCD Very Good|SCD VG|GAI 40|GAI 3|GAI Very Good|GAI VG|SGV 40|SGV 3|SGV Very Good|SGV VG
3.5,SGC 45|SGC 3.5|SGC Very Good+|SGC VG+|BGS 45|BGS 3.5|BGS Very Good+|BGS VG+|BVG 45|BVG 3.5|BVG Very Good+|BVG VG+|BCCG 45|BCCG 3.5|BCCG Very Good+|BCCG VG+|SCD 45|SCD 3.5|SCD Very Good+|SCD VG+|GAI 45|GAI 3.5|GAI Very Good+|GAI VG+|SGV 45|SGV 3.5|SGV Very Good+|SGV VG+
4,SGC 50|SGC 4|SGC VGEX|SGC VG/EX|BGS 50|BGS 4|BGS VGEX|BGS VG/EX|BVG 50|BVG 4|BVG VGEX|BVG VG/EX|BCCG 50|BCCG 4|BCCG VGEX|BCCG VG/EX|SCD 50|SCD 4|SCD VGEX|SCD VG/EX|GAI 50|GAI 4|GAI VGEX|GAI VG/EX|SGV 50|SGV 4|SGV VGEX|SGV VG/EX
4.5,SGC 55|SGC 4.5|SGC VGEX+|SGC VG/EX+|BGS 55|BGS 4.5|BGS VGEX+|BGS VG/EX+|BVG 55|BVG 4.5|BVG VGEX+|BVG VG/EX+|BCCG 55|BCCG 4.5|BCCG VGEX+|BCCG VG/EX+|SCD 55|SCD 4.5|SCD VGEX+|SCD VG/EX+|GAI 55|GAI 4.5|GAI VGEX+|GAI VG/EX+|SGV 55|SGV 4.5|SGV VGEX+|SGV VG/EX+
5,SGC 60|SGC 5|SGC Excellent|SGC EX|BGS 60|BGS 5|BGS Excellent|BGS EX|BVG 60|BVG 5|BVG Excellent|BVG EX|BCCG 60|BCCG 5|BCCG Excellent|BCCG EX|SCD 60|SCD 5|SCD Excellent|SCD EX|GAI 60|GAI 5|GAI Excellent|GAI EX|SGV 60|SGV 5|SGV Excellent|SGV EX
5.5,SGC 70|SGC 5.5|SGC Excellent+|SGC EX+|BGS 70|BGS 5.5|BGS Excellent+|BGS EX+|BVG 70|BVG 5.5|BVG Excellent+|BVG EX+|BCCG 70|BCCG 5.5|BCCG Excellent+|BCCG EX+|SCD 70|SCD 5.5|SCD Excellent+|SCD EX+|GAI 70|GAI 5.5|GAI Excellent+|GAI EX+|SGV 70|SGV 5.5|SGV Excellent+|SGV EX+
6,SGC 80|SGC 6|SGC EX/NM|SGC EXMT|SGC EX/MT|BGS 80|BGS 6|BGS EX/NM|BGS EXMT|BGS EX/MT|BVG 80|BVG 6|BVG EX/NM|BVG EXMT|BVG EX/MT|BCCG 80|BCCG 6|BCCG EX/NM|BCCG EXMT|BCCG EX/MT|SCD 80|SCD 6|SCD EX/NM|SCD EXMT|SCD EX/MT|GAI 80|GAI 6|GAI EX/NM|GAI EXMT|GAI EX/MT|SGV 80|SGV 6|SGV EX/NM|SGV EXMT|SGV EX/MT
6.5,SGC 82|SGC 6.5|SGC EX/NM+|SGC EXMT+|SGC EX/MT+|SGC EX/NM+|BGS 82|BGS 6.5|BGS EX/NM+|BGS EXMT+|BGS EX/MT+|BGS EX/NM+|BVG 82|BVG 6.5|BVG EX/NM+|BVG EXMT+|BVG EX/MT+|BVG EX/NM+|BCCG 82|BCCG 6.5|BCCG EX/NM+|BCCG EXMT+|BCCG EX/MT+|BCCG EX/NM+|SCD 82|SCD 6.5|SCD EX/NM+|SCD EXMT+|SCD EX/MT+|SCD EX/NM+|GAI 82|GAI 6.5|GAI EX/NM+|GAI EXMT+|GAI EX/MT+|GAI EX/NM+|SGV 82|SGV 6.5|SGV EX/NM+|SGV EXMT+|SGV EX/MT+|SGV EX/NM+
7,SGC 84|SGC 7|SGC NRMT|SGC NR/MT|SGC Near Mint|SGC NM|BGS 84|BGS 7|BGS NRMT|BGS NR/MT|BGS Near Mint|BGS NM|BVG 84|BVG 7|BVG NRMT|BVG NR/MT|BVG Near Mint|BVG NM|BCCG 84|BCCG 7|BCCG NRMT|BCCG NR/MT|BCCG Near Mint|BCCG NM|SCD 84|SCD 7|SCD NRMT|SCD NR/MT|SCD Near Mint|SCD NM|GAI 84|GAI 7|GAI NRMT|GAI NR/MT|GAI Near Mint|GAI NM|SGV 84|SGV 7|SGV NRMT|SGV NR/MT|SGV Near Mint|SGV NM
7.5,SGC 86|SGC 7.5|SGC NM+|SGC NrMt+|SGC Near Mint+|SGC NRMT+|BGS 86|BGS 7.5|BGS NM+|BGS NrMt+|BGS Near Mint+|BGS NRMT+|BVG 86|BVG 7.5|BVG NM+|BVG NrMt+|BVG Near Mint+|BVG NRMT+|BCCG 86|BCCG 7.5|BCCG NM+|BCCG NrMt+|BCCG Near Mint+|BCCG NRMT+|SCD 86|SCD 7.5|SCD NM+|SCD NrMt+|SCD Near Mint+|SCD NRMT+|GAI 86|GAI 7.5|GAI NM+|GAI NrMt+|GAI Near Mint+|GAI NRMT+|SGV 86|SGV 7.5|SGV NM+|SGV NrMt+|SGV Near Mint+|SGV NRMT+
8,SGC 88|SGC 8|SGC NM/MT|SGC NMMT|SGC Near Mint/Mint|BGS 88|BGS 8|BGS NM/MT|BGS NMMT|BGS Near Mint/Mint|BVG 88|BVG 8|BVG NM/MT|BVG NMMT|BVG Near Mint/Mint|BCCG 88|BCCG 8|BCCG NM/MT|BCCG NMMT|BCCG Near Mint/Mint|SCD 88|SCD 8|SCD NM/MT|SCD NMMT|SCD Near Mint/Mint|GAI 88|GAI 8|GAI NM/MT|GAI NMMT|GAI Near Mint/Mint|SGV 88|SGV 8|SGV NM/MT|SGV NMMT|SGV Near Mint/Mint
8.5,SGC 92|SGC 8.5|SGC NM/MT+|SGC NMMT+|SGC Near Mint-Mint+|BGS 92|BGS 8.5|BGS NM/MT+|BGS NMMT+|BGS Near Mint-Mint+|BVG 92|BVG 8.5|BVG NM/MT+|BVG NMMT+|BVG Near Mint-Mint+|BCCG 92|BCCG 8.5|BCCG NM/MT+|BCCG NMMT+|BCCG Near Mint-Mint+|SCD 92|SCD 8.5|SCD NM/MT+|SCD NMMT+|SCD Near Mint-Mint+|GAI 92|GAI 8.5|GAI NM/MT+|GAI NMMT+|GAI Near Mint-Mint+|SGV 92|SGV 8.5|SGV NM/MT+|SGV NMMT+|SGV Near Mint-Mint+
9,SGC 96|SGC 9|SGC MT|SGC Mint|SGC Mnt|BGS 96|BGS 9|BGS MT|BGS Mint|BGS Mnt|BVG 96|BVG 9|BVG MT|BVG Mint|BVG Mnt|BCCG 96|BCCG 9|BCCG MT|BCCG Mint|BCCG Mnt|SCD 96|SCD 9|SCD MT|SCD Mint|SCD Mnt|GAI 96|GAI 9|GAI MT|GAI Mint|GAI Mnt|SGV 96|SGV 9|SGV MT|SGV Mint|SGV Mnt
9.5,SGC 9.5|BGS 9.5|BVG 9.5|BCCG 9.5|SCD 9.5|GAI 9.5|SGV 9.5
10,SGC 98|SGC 10|SGC Gem|BGS 98|BGS 10|BGS Gem|BGS 1|BGS PR|BGS Poor|BVG 98|BVG 10|BVG Gem|BCCG 98|BCCG 10|BCCG Gem|SCD 98|SCD 10|SCD Gem|GAI 98|GAI 10|GAI Gem|SGV 98|SGV 10|SGV Gem
100,SGC 100|SGC PristineSGC 100|SGC Pristine|BGS 100|BGS PristineBGS 100|BGS Pristine|BVG 100|BVG Pristine|BCCG 100|BCCG Pristine|SCD 100|SCD Pristine|GAI 100|GAI Pristine|SGV 100|SGV Pristine
PR (1): Poor,Poor
FR (1.5): Fair,Fair
GD (2): Good,Good
GD+ (2.5): Good+,Good+|GD+
VG (3): Very Good,Very Good
VG+ (3.5): Very Good+,Very Good+|VG+
VG/EX (4): Very Good/Excellent,VGEX|VG/EX|Very Good/Excellent
VG/EX+ (4.5): Very Good/Excellent+,VGEX+|VG/EX+
EX (5): Excellent,Excellent
EX+ (5.5): Excellent+,Excellent+|EX+
EX/MT (6): Excellent/Mint,EX/NM|EXMT|EX/MT| Excellent Mint
EX/MT+ (6.5): Excellent/Mint+,EX/NM+|EXMT+|EX/MT+|Excellent Mint+
NM (7): Near Mint,NRMT|NR/MT|Near Mint
NM+ (7.5): Near Mint+,NM+|NrMt+|Near Mint+|NM+
NM/MT (8): Near Mint/Mint,NM/MT|NMMT|Near Mint/Mint|Near Mint|Mint|NM-MT
NM/MT+ (8.5): Near Mint/Mint+,NM/MT+|NMMT+|Near Mint-Mint+|MINT+|NM-MT+
MINT (9): Mint,MT|Mint|Mnt
MINT (9.5): Mint+,MINT+
GEM MINT (10): Gem Mint,Gem|GM Mint|Gem Mint|Mint Gem